,tag,count,date
0,ios,1,12/10 19:07:30
1,swift,1,12/10 19:07:30
2,fscalendar,1,12/10 19:07:30
3,docker-compose,1,12/10 19:05:10
4,spring-boot,1,12/10 19:05:10
5,jdbc,1,12/10 19:05:10
6,reactjs,1,12/10 19:09:50
7,react-component,1,12/10 19:09:50
8,python,1,12/10 18:41:40
9,python-asyncio,1,12/10 18:41:40
10,openssl,1,12/10 18:40:40
11,regex,1,12/10 18:40:40
12,csv,1,12/10 18:40:40
13,replace,1,12/10 18:40:40
14,typescript,1,12/10 18:40:40
15,node.js,1,12/10 18:40:40
16,node-crypto,1,12/10 18:40:40
17,visual-studio-code,1,12/10 18:40:40
18,dom-manipulation,1,12/10 18:42:10
19,javascript,1,12/10 18:42:10
20,python,1,12/10 18:43:30
21,pandas-resample,1,12/10 18:43:30
22,passport-local,1,12/10 18:44:00
23,python,1,12/10 18:44:00
24,csv,1,12/10 18:44:00
25,typescript,1,12/10 18:44:00
26,express,1,12/10 18:44:00
27,graphql,1,12/10 18:44:00
28,express-session,1,12/10 18:44:00
29,txt,1,12/10 18:44:00
30,logic,1,12/10 00:50:30
31,c#-4.0,1,12/10 00:40:50
32,paypal,1,12/10 00:55:30
33,paypal-subscriptions,1,12/10 00:55:30
34,curl,1,12/10 00:55:30
35,paypal-rest-sdk,1,12/10 00:55:30
36,go,1,12/10 00:39:50
37,installation,1,12/10 00:39:50
38,visual-studio-code,1,12/10 00:39:50
39,spring-integration,1,12/10 00:43:50
40,enterprise-integration,1,12/10 00:43:50
41,haskell,1,12/10 00:42:20
42,integral,1,12/10 00:42:20
43,tkinter,1,12/10 00:45:10
44,tkinter-entry,1,12/10 00:45:10
45,pyautogui,1,12/10 00:45:10
46,classification,1,12/10 00:41:20
47,random-forest,1,12/10 00:41:20
48,training-data,1,12/10 00:41:20
49,gridview,1,12/10 00:41:20
50,google-earth,1,12/10 00:41:20
51,performance,1,12/10 00:32:30
52,.net-7.0,1,12/10 00:32:30
53,foreach,1,12/10 00:32:30
54,qgis,1,12/10 00:55:00
55,android-intent,1,12/10 00:40:20
56,caching,1,12/10 00:52:30
57,cache-control,1,12/10 00:52:30
58,google-cloud-storage,1,12/10 00:52:30
59,iteration,1,12/10 00:37:50
60,multiprocessing,1,12/10 00:37:50
61,visual-studio-code,1,12/10 00:49:00
62,string,1,12/10 00:34:30
63,numpy-ndarray,1,12/10 00:34:30
64,chr,1,12/10 00:34:30
65,apache-kafka,1,12/10 00:31:30
66,fluent-bit,1,12/10 00:31:30
67,class,1,12/10 01:21:00
68,callback,1,12/10 01:21:00
69,pthreads,1,12/10 01:21:00
70,pointers,1,12/10 01:21:00
71,tkinter,1,12/10 01:34:40
72,tkinter-canvas,1,12/10 01:34:40
73,spring,1,12/10 01:36:30
74,winappdriver,1,12/10 01:29:20
75,pytorch,1,12/10 01:33:10
76,tensor,1,12/10 01:33:10
77,math,1,12/10 01:14:20
78,if-statement,1,12/10 01:14:20
79,angular,1,12/10 01:12:20
80,ng-zorro-antd,1,12/10 01:12:20
81,splidejs,1,12/10 01:19:30
82,pyserial,1,12/10 01:18:40